source_row_index,Sample_ID,Sample_Name,Class_Label,Class_Name,feature,shap_value,display_name,feature_value_raw,feature_value_imputed,feature_value_scaled
0,YY,mean.YY,1,Promoted,OPR,0.31874125806345693,ORP,278.6,278.6,1.443894570010132
1,BB,mean.BB,1,Promoted,OPR,0.002211542578682132,ORP,208.4,208.4,0.01001826478349899
2,SQ,mean.SQ,1,Promoted,OPR,-0.15289703594946957,ORP,174.0,174.0,-0.6926219759543382
3,CY,mean.CY,1,Promoted,OPR,-0.11953065568469275,ORP,181.4,181.4,-0.541472621842129
4,WZ,mean.WZ,1,Promoted,OPR,0.2114277647794449,ORP,254.8,254.8,0.9577655662438375
5,SH2,mean.SH2,0,Suppressed_or_neutral,OPR,-0.04648533672666787,ORP,197.6,197.6,-0.21057808986675242
6,WF,mean.WF,1,Promoted,OPR,-0.1267450081743742,ORP,179.8,179.8,-0.5741535632717957
7,LS1,mean.LS1,1,Promoted,OPR,-0.06091404170603078,ORP,194.4,194.4,-0.2759399727260859
8,DL,mean.DL,1,Promoted,OPR,0.09870350712817187,ORP,229.8,229.8,0.4471258564052931
9,ZY,mean.ZY,1,Promoted,OPR,-0.023038691135202998,ORP,202.8,202.8,-0.10436503022033483
10,BJ,mean.BJ,1,Promoted,OPR,-0.17003112311246313,ORP,170.2,170.2,-0.7702392118497972
11,ZQ,mean.ZQ,1,Promoted,OPR,0.22495467569759767,ORP,257.8,257.8,1.0190423314244628
12,RL,mean.RL,0,Suppressed_or_neutral,OPR,0.3034107590228836,ORP,275.2,275.2,1.3744475694720892
13,LZ,mean.LZ,1,Promoted,OPR,-0.30169305604915,ORP,141.0,141.0,-1.3666663929412168
14,HF,mean.HF,1,Promoted,OPR,0.07435506747549687,ORP,224.4,224.4,0.3368276790801674
15,AY,mean.AY,1,Promoted,OPR,0.052712010006452405,ORP,219.6,219.6,0.23878485479116665
16,MH,mean.MH,1,Promoted,OPR,-0.0013956336661586565,ORP,207.6,207.6,-0.006322205931334663
17,HZ,mean.HZ,1,Promoted,OPR,0.2294636460036486,ORP,258.8,258.8,1.0394679198180046
18,HK,mean.HK,0,Suppressed_or_neutral,OPR,0.30701793526772436,ORP,276.0,276.0,1.3907880401869228
19,GL,mean.GL,0,Suppressed_or_neutral,OPR,0.23757979255454031,ORP,260.6,260.6,1.07623397892638
20,YC2,mean.YC2,1,Promoted,OPR,0.041890481271930166,ORP,217.2,217.2,0.18976344264666628
21,LY,mean.LY,1,Promoted,OPR,-0.10059298039927893,ORP,185.6,185.6,-0.45568515058925374
22,YT1,mean.YT1,0,Suppressed_or_neutral,OPR,-0.291773321375838,ORP,143.2,143.2,-1.3217300984754252
23,CQ,mean.CQ,1,Promoted,OPR,0.03287254065982832,ORP,215.2,215.2,0.14891226585958273
24,SY,mean.SY,1,Promoted,OPR,0.3412861095937115,ORP,283.6,283.6,1.5460225119778408
25,TZ,mean.TZ,1,Promoted,OPR,0.5459933614884233,ORP,329.0,329.0,2.473344225044637
26,SH1,mean.SH1,1,Promoted,OPR,-0.007708192094629972,ORP,206.2,206.2,-0.03491802968229327
27,XN,mean.XN,0,Suppressed_or_neutral,OPR,-0.2656212936007426,ORP,149.0,149.0,-1.2032616857928826
28,CF,mean.CF,0,Suppressed_or_neutral,OPR,-0.5054985138826517,ORP,95.8,95.8,-2.289902988329305
29,ATS,mean.ATS,1,Promoted,OPR,-0.2836571748249463,ORP,145.0,145.0,-1.2849640393670496
30,YT2,mean.YT2,1,Promoted,OPR,0.22405288163638756,ORP,257.6,257.6,1.0149572137457548
31,JC,mean.JC,1,Promoted,OPR,0.03828330502708951,ORP,216.4,216.4,0.1734229719318332
32,XY,mean.XY,0,Suppressed_or_neutral,OPR,-0.24037105988685745,ORP,154.6,154.6,-1.0888783907890487
33,WH,mean.WH,1,Promoted,OPR,-0.13937012503131682,ORP,177.0,177.0,-0.6313452107737129
34,TH1,mean.TH1,1,Promoted,OPR,-0.03386021986972524,ORP,200.4,200.4,-0.15338644236483523
35,YC1,mean.YC1,1,Promoted,OPR,-0.42523884243494525,ORP,113.6,113.6,-1.9263275149242616
36,XC,mean.XC,1,Promoted,OPR,-0.14658447752099826,ORP,175.4,175.4,-0.6640261522033796
37,LS2,mean.LS2,1,Promoted,OPR,0.035577922843458974,ORP,215.8,215.8,0.16116761889570824
38,NJ,mean.NJ,1,Promoted,OPR,0.16543626765772543,ORP,244.6,244.6,0.7494245646297111
39,BS,mean.BS,1,Promoted,OPR,0.20691879447339398,ORP,253.8,253.8,0.9373399778502958
40,WL,mean.WL,0,Suppressed_or_neutral,OPR,-0.09337862790959749,ORP,187.2,187.2,-0.42300420915958703
41,SN,mean.SN,1,Promoted,OPR,-0.15650421219431038,ORP,173.2,173.2,-0.7089624466691719
0,YY,mean.YY,1,Promoted,NaHCO3_P,0.20651213695863863,NaHCO$_3$-P,0.0259021370645345,0.0259021370645345,-0.39298462025921554
1,BB,mean.BB,1,Promoted,NaHCO3_P,0.5632412009529494,NaHCO$_3$-P,0.0016023373731805,0.0016023373731805,-1.071826250653595
2,SQ,mean.SQ,1,Promoted,NaHCO3_P,0.5286190831859515,NaHCO$_3$-P,0.003960739341353,0.003960739341353,-1.0059416977957716
3,CY,mean.CY,1,Promoted,NaHCO3_P,0.2639930537462835,NaHCO$_3$-P,0.0219866311386214,0.0219866311386214,-0.502368584749731
4,WZ,mean.WZ,1,Promoted,NaHCO3_P,0.2671119326071122,NaHCO$_3$-P,0.0217741782178217,0.0217741782178217,-0.5083036907575814
5,SH2,mean.SH2,0,Suppressed_or_neutral,NaHCO3_P,0.25411813963426283,NaHCO$_3$-P,0.022659294117647,0.022659294117647,-0.4835770046055477
6,WF,mean.WF,1,Promoted,NaHCO3_P,0.5177433107222201,NaHCO$_3$-P,0.0047015791523801,0.0047015791523801,-0.9852455228656697
7,LS1,mean.LS1,1,Promoted,NaHCO3_P,0.17450789539945566,NaHCO$_3$-P,0.028082213592233,0.028082213592233,-0.332081784711401
8,DL,mean.DL,1,Promoted,NaHCO3_P,-0.2436670593341907,NaHCO$_3$-P,0.0565676067423989,0.0565676067423989,0.4636890024594801
9,ZY,mean.ZY,1,Promoted,NaHCO3_P,-0.7276142091325297,NaHCO$_3$-P,0.089533294117647,0.089533294117647,1.3846217364378273
10,BJ,mean.BJ,1,Promoted,NaHCO3_P,0.2596842360297452,NaHCO$_3$-P,0.0222801407457335,0.0222801407457335,-0.4941690710599418
11,ZQ,mean.ZQ,1,Promoted,NaHCO3_P,-0.1634813517648736,NaHCO$_3$-P,0.0511054876477939,0.0511054876477939,0.3110986980665914
12,RL,mean.RL,0,Suppressed_or_neutral,NaHCO3_P,0.06481037054070693,NaHCO$_3$-P,0.0355546293546544,0.0355546293546544,-0.12333163188805668
13,LZ,mean.LZ,1,Promoted,NaHCO3_P,0.330959705365003,NaHCO$_3$-P,0.0174249724890152,0.0174249724890152,-0.629803536244541
14,HF,mean.HF,1,Promoted,NaHCO3_P,0.1274197093465321,NaHCO$_3$-P,0.0312897837187128,0.0312897837187128,-0.24247478539779785
15,AY,mean.AY,1,Promoted,NaHCO3_P,0.43171997388951994,NaHCO$_3$-P,0.0105613479932218,0.0105613479932218,-0.8215464354585209
16,MH,mean.MH,1,Promoted,NaHCO3_P,-0.9985385576813927,NaHCO$_3$-P,0.1079882170990639,0.1079882170990639,1.9001803074809156
17,HZ,mean.HZ,1,Promoted,NaHCO3_P,-0.872056745262136,NaHCO$_3$-P,0.0993724831524843,0.0993724831524843,1.6594903037101725
18,HK,mean.HK,0,Suppressed_or_neutral,NaHCO3_P,-0.9677726407933966,NaHCO$_3$-P,0.1058924932201958,0.1058924932201958,1.8416339559530281
19,GL,mean.GL,0,Suppressed_or_neutral,NaHCO3_P,-0.04183489374243349,NaHCO$_3$-P,0.0428191301247771,0.0428191301247771,0.07961018695113133
20,YC2,mean.YC2,1,Promoted,NaHCO3_P,0.5641954730154399,NaHCO$_3$-P,0.0015373339229151,0.0015373339229151,-1.0736421935304872
21,LY,mean.LY,1,Promoted,NaHCO3_P,-0.32385284045000856,NaHCO$_3$-P,0.0620297308468711,0.0620297308468711,0.6162794468085191
22,YT1,mean.YT1,0,Suppressed_or_neutral,NaHCO3_P,0.4897901486376078,NaHCO$_3$-P,0.00660570277996,0.00660570277996,-0.9320517350881221
23,CQ,mean.CQ,1,Promoted,NaHCO3_P,0.16694017365909095,NaHCO$_3$-P,0.0285977144049554,0.0285977144049554,-0.31768070253694125
24,SY,mean.SY,1,Promoted,NaHCO3_P,0.17079828908390607,NaHCO$_3$-P,0.0283349058999253,0.0283349058999253,-0.325022547173612
25,TZ,mean.TZ,1,Promoted,NaHCO3_P,-1.735496591126854,NaHCO$_3$-P,0.1581885915601268,0.1581885915601268,3.3025829806881966
26,SH1,mean.SH1,1,Promoted,NaHCO3_P,-0.04150039459641913,NaHCO$_3$-P,0.0427963445906968,0.0427963445906968,0.07897364799603925
27,XN,mean.XN,0,Suppressed_or_neutral,NaHCO3_P,-0.13431446269081065,NaHCO$_3$-P,0.0491186869251845,0.0491186869251845,0.2555952347073943
28,CF,mean.CF,0,Suppressed_or_neutral,NaHCO3_P,0.14907292194160782,NaHCO$_3$-P,0.0298148023341205,0.0298148023341205,-0.2836800126274797
29,ATS,mean.ATS,1,Promoted,NaHCO3_P,0.5684640121645955,NaHCO$_3$-P,0.0012465680258565,0.0012465680258565,-1.0817650586622758
30,YT2,mean.YT2,1,Promoted,NaHCO3_P,0.034337999121029895,NaHCO$_3$-P,0.0376303573969047,0.0376303573969047,-0.0653438860484114
31,JC,mean.JC,1,Promoted,NaHCO3_P,0.32299918120340987,NaHCO$_3$-P,0.0179672303594532,0.0179672303594532,-0.6146549662341761
32,XY,mean.XY,0,Suppressed_or_neutral,NaHCO3_P,0.5470686285999645,NaHCO$_3$-P,0.0027039865190929,0.0027039865190929,-1.0410504701190815
33,WH,mean.WH,1,Promoted,NaHCO3_P,0.5182112006037344,NaHCO$_3$-P,0.0046697072598264,0.0046697072598264,-0.9861358992383031
34,TH1,mean.TH1,1,Promoted,NaHCO3_P,-1.0568177234776153,NaHCO$_3$-P,0.1119580984402994,0.1119580984402994,2.011083309002998
35,YC1,mean.YC1,1,Promoted,NaHCO3_P,-0.1773958509163803,NaHCO$_3$-P,0.0520533205448424,0.0520533205448424,0.3375774525150393
36,XC,mean.XC,1,Promoted,NaHCO3_P,0.5289158117008392,NaHCO$_3$-P,0.0039405266808152,0.0039405266808152,-1.0065063606986913
37,LS2,mean.LS2,1,Promoted,NaHCO3_P,0.34663715678101464,NaHCO$_3$-P,0.0163570501705632,0.0163570501705632,-0.6596371207596612
38,NJ,mean.NJ,1,Promoted,NaHCO3_P,-0.10114507745905664,NaHCO$_3$-P,0.0468592427184466,0.0468592427184466,0.19247517575345877
39,BS,mean.BS,1,Promoted,NaHCO3_P,-0.07942131885245848,NaHCO$_3$-P,0.0453794558550693,0.0453794558550693,0.1511357021886353
40,WL,mean.WL,0,Suppressed_or_neutral,NaHCO3_P,-0.08759396640606851,NaHCO$_3$-P,0.045936163223617,0.045936163223617,0.16668793482090477
41,SN,mean.SN,1,Promoted,NaHCO3_P,-0.6453680612039971,NaHCO$_3$-P,0.083930821199767,0.083930821199767,1.228110493624282
0,YY,mean.YY,1,Promoted,DOC,0.10337815984270542,DOC,0.322521878212912,0.322521878212912,0.19195029795009866
1,BB,mean.BB,1,Promoted,DOC,-0.017931511301765523,DOC,0.2900924522019738,0.2900924522019738,-0.03329483657192694
2,SQ,mean.SQ,1,Promoted,DOC,-0.34898491864921843,DOC,0.2015927317925634,0.2015927317925634,-0.6479875364074309
3,CY,mean.CY,1,Promoted,DOC,-0.5445859774807325,DOC,0.1493031657159772,0.1493031657159772,-1.0111752888223637
4,WZ,mean.WZ,1,Promoted,DOC,1.0436266470329503,DOC,0.5738762711443642,0.5738762711443642,1.937783049644526
5,SH2,mean.SH2,0,Suppressed_or_neutral,DOC,-0.0729472048771906,DOC,0.2753852376212012,0.2753852376212012,-0.13544676875762363
6,WF,mean.WF,1,Promoted,DOC,1.4929890597635724,DOC,0.6940032567198962,0.6940032567198962,2.7721493136838484
7,LS1,mean.LS1,1,Promoted,DOC,-0.013205029784676458,DOC,0.2913559712701936,0.2913559712701936,-0.024518809441619136
8,DL,mean.DL,1,Promoted,DOC,-0.3242226116413064,DOC,0.2082123804602848,0.2082123804602848,-0.6020094283105888
9,ZY,mean.ZY,1,Promoted,DOC,-0.2215602077395846,DOC,0.2356568768473124,0.2356568768473124,-0.41138813028020665
10,BJ,mean.BJ,1,Promoted,DOC,-0.36689860040852723,DOC,0.196803909832069,0.196803909832069,-0.6812492674762993
11,ZQ,mean.ZQ,1,Promoted,DOC,0.39159626584746876,DOC,0.3995705393420228,0.3995705393420228,0.7271073505268196
12,RL,mean.RL,0,Suppressed_or_neutral,DOC,-0.3852664803453914,DOC,0.191893668152484,0.191893668152484,-0.7153543437511842
13,LZ,mean.LZ,1,Promoted,DOC,-0.3140730191742084,DOC,0.2109256468870064,0.2109256468870064,-0.5831638878105854
14,HF,mean.HF,1,Promoted,DOC,-0.11875152540847972,DOC,0.2631404774991354,0.2631404774991354,-0.22049522567309218
15,AY,mean.AY,1,Promoted,DOC,-0.5564310875039098,DOC,0.146136640611556,0.146136640611556,-1.033169029102323
16,MH,mean.MH,1,Promoted,DOC,1.3215849597176752,DOC,0.6481822061147052,0.6481822061147052,2.453889943196514
17,HZ,mean.HZ,1,Promoted,DOC,-0.29653050985700546,DOC,0.2156152442009,0.2156152442009,-0.5505913415846421
18,HK,mean.HK,0,Suppressed_or_neutral,DOC,-0.028819530587629597,DOC,0.2871817838891722,0.2871817838891722,-0.05351147177986634
19,GL,mean.GL,0,Suppressed_or_neutral,DOC,0.26561109308573533,DOC,0.3658912225982966,0.3658912225982966,0.49318084723342837
20,YC2,mean.YC2,1,Promoted,DOC,0.21160885506175311,DOC,0.351454932680915,0.351454932680915,0.39291067706936783
21,LY,mean.LY,1,Promoted,DOC,-0.10244949233110424,DOC,0.2674984612486834,0.2674984612486834,-0.19022596849966433
22,YT1,mean.YT1,0,Suppressed_or_neutral,DOC,-0.37745416331880033,DOC,0.1939821162918422,0.1939821162918422,-0.7008486049837651
23,CQ,mean.CQ,1,Promoted,DOC,-0.15752043778917835,DOC,0.2527764763134664,0.2527764763134664,-0.29248049116823405
24,SY,mean.SY,1,Promoted,DOC,-0.29862078715155105,DOC,0.215056455340735,0.215056455340735,-0.5544725225816421
25,TZ,mean.TZ,1,Promoted,DOC,1.2453624299590735,DOC,0.6278058184297587,0.6278058184297587,2.312361623095484
26,SH1,mean.SH1,1,Promoted,DOC,-0.20606514920369579,DOC,0.2397991340110164,0.2397991340110164,-0.3826172457215767
27,XN,mean.XN,0,Suppressed_or_neutral,DOC,-1.086860938000399,DOC,0.0043380896107613,0.0043380896107613,-2.0180595320803714
28,CF,mean.CF,0,Suppressed_or_neutral,DOC,-0.10586648442133846,DOC,0.2665850048760398,0.2665850048760398,-0.19657056440668724
29,ATS,mean.ATS,1,Promoted,DOC,-0.343642284977708,DOC,0.203020965351514,0.203020965351514,-0.6380674514819008
30,YT2,mean.YT2,1,Promoted,DOC,1.0221658078029943,DOC,0.5681391960095082,0.5681391960095082,1.8979350344475336
31,JC,mean.JC,1,Promoted,DOC,-0.3601138352366393,DOC,0.1986176649767952,0.1986176649767952,-0.6686514644369833
32,XY,mean.XY,0,Suppressed_or_neutral,DOC,0.018326680707976287,DOC,0.2997852684793338,0.2997852684793338,0.03402857845104721
33,WH,mean.WH,1,Promoted,DOC,0.2045494603612485,DOC,0.3495677614771502,0.3495677614771502,0.37980294794968744
34,TH1,mean.TH1,1,Promoted,DOC,0.6054944909263834,DOC,0.4567514433756895,0.4567514433756895,1.1242688795902718
35,YC1,mean.YC1,1,Promoted,DOC,-0.3187892711946274,DOC,0.209664862445814,0.209664862445814,-0.5919209210360231
36,XC,mean.XC,1,Promoted,DOC,-0.27614935074456465,DOC,0.2210636910165452,0.2210636910165452,-0.5127480527298789
37,LS2,mean.LS2,1,Promoted,DOC,-0.34472670554622675,DOC,0.2027310697788054,0.2027310697788054,-0.6400809797894961
38,NJ,mean.NJ,1,Promoted,DOC,-0.3287323108619603,DOC,0.2070068132880384,0.2070068132880384,-0.6103829388314469
39,BS,mean.BS,1,Promoted,DOC,0.3348876464710692,DOC,0.3844107589312816,0.3844107589312816,0.6218120308751544
40,WL,mean.WL,0,Suppressed_or_neutral,DOC,-0.4320969566623829,DOC,0.1793745882435934,0.1793745882435934,-0.8023081442044803
41,SN,mean.SN,1,Promoted,DOC,0.08811482561919641,DOC,0.3184415673587838,0.3184415673587838,0.16360967400813342
0,YY,mean.YY,1,Promoted,OPR_FeP,-1.2155508822770107,ORP x FeP,1.107852371601633,1.107852371601633,0.9601687329685086
1,BB,mean.BB,1,Promoted,OPR_FeP,0.9573999721019126,ORP x FeP,-0.0072369682494418,-0.0072369682494418,-0.756254247814933
2,SQ,mean.SQ,1,Promoted,OPR_FeP,-0.07432524890467355,ORP x FeP,0.5222116353770616,0.5222116353770616,0.05870982540417113
3,CY,mean.CY,1,Promoted,OPR_FeP,0.5590339549558695,ORP x FeP,0.1971918149341747,0.1971918149341747,-0.4415832624059815
4,WZ,mean.WZ,1,Promoted,OPR_FeP,-1.8595691438486404,ORP x FeP,1.438342081804124,1.438342081804124,1.468881455107683
5,SH2,mean.SH2,0,Suppressed_or_neutral,OPR_FeP,0.8711303583085629,ORP x FeP,0.0370338566061572,0.0370338566061572,-0.6881095185589459
6,WF,mean.WF,1,Promoted,OPR_FeP,0.15894772264938853,ORP x FeP,0.4025033578837514,0.4025033578837514,-0.12555347183707083
7,LS1,mean.LS1,1,Promoted,OPR_FeP,0.6034699475269386,ORP x FeP,0.1743886753593208,0.1743886753593208,-0.4766834390478988
8,DL,mean.DL,1,Promoted,OPR_FeP,1.3043228423589102,ORP x FeP,-0.1852667628923058,-0.1852667628923058,-1.0302900760383285
9,ZY,mean.ZY,1,Promoted,OPR_FeP,1.3552354254799046,ORP x FeP,-0.2113934829642741,-0.2113934829642741,-1.0705061386813555
10,BJ,mean.BJ,1,Promoted,OPR_FeP,-0.1617669591466304,ORP x FeP,0.5670839428904415,0.5670839428904415,0.1277803985539719
11,ZQ,mean.ZQ,1,Promoted,OPR_FeP,0.3409670098978157,ORP x FeP,0.3090968427529596,0.3090968427529596,-0.2693312691809136
12,RL,mean.RL,0,Suppressed_or_neutral,OPR_FeP,-0.634573918897576,ORP x FeP,0.8097134526942272,0.8097134526942272,0.501252596305462
13,LZ,mean.LZ,1,Promoted,OPR_FeP,-1.0452865029514316,ORP x FeP,1.020478101741959,1.020478101741959,0.8256761866256768
14,HF,mean.HF,1,Promoted,OPR_FeP,0.553699856197361,ORP x FeP,0.1999291049429844,0.1999291049429844,-0.4373698354559783
15,AY,mean.AY,1,Promoted,OPR_FeP,1.1742235889689676,ORP x FeP,-0.1185039595434129,-0.1185039595434129,-0.9275241308945341
16,MH,mean.MH,1,Promoted,OPR_FeP,0.9844875657410828,ORP x FeP,-0.0211374606827553,-0.0211374606827553,-0.7776508514807273
17,HZ,mean.HZ,1,Promoted,OPR_FeP,1.4732058233590941,ORP x FeP,-0.2719321430209338,-0.2719321430209338,-1.1636914500582582
18,HK,mean.HK,0,Suppressed_or_neutral,OPR_FeP,-1.7405999936564467,ORP x FeP,1.377290893792615,1.377290893792615,1.3749072250956915
19,GL,mean.GL,0,Suppressed_or_neutral,OPR_FeP,-4.87486223696021,ORP x FeP,2.985694695821853,2.985694695821853,3.8506740982245744
20,YC2,mean.YC2,1,Promoted,OPR_FeP,1.200990588005365,ORP x FeP,-0.1322399330124593,-0.1322399330124593,-0.9486674955408608
21,LY,mean.LY,1,Promoted,OPR_FeP,0.3169709562161705,ORP x FeP,0.3214108551039406,0.3214108551039406,-0.25037668587577894
22,YT1,mean.YT1,0,Suppressed_or_neutral,OPR_FeP,-0.9860901968849426,ORP x FeP,0.990100438243366,0.990100438243366,0.7789167765335175
23,CQ,mean.CQ,1,Promoted,OPR_FeP,1.112158174715925,ORP x FeP,-0.0866539608802862,-0.0866539608802862,-0.8784984002292102
24,SY,mean.SY,1,Promoted,OPR_FeP,1.4740905660427037,ORP x FeP,-0.2723861648562719,-0.2723861648562719,-1.1643903120095846
25,TZ,mean.TZ,1,Promoted,OPR_FeP,-0.8823904980971788,ORP x FeP,0.9368850475542592,0.9368850475542592,0.6970039501385034
26,SH1,mean.SH1,1,Promoted,OPR_FeP,0.9721835315529435,ORP x FeP,-0.014823421259034,-0.014823421259034,-0.7679318433428725
27,XN,mean.XN,0,Suppressed_or_neutral,OPR_FeP,-0.6272324056971386,ORP x FeP,0.8059460213730418,0.8059460213730418,0.49545350428018126
28,CF,mean.CF,0,Suppressed_or_neutral,OPR_FeP,-2.402964580688429,ORP x FeP,1.717195355325101,1.717195355325101,1.8981117865554025
29,ATS,mean.ATS,1,Promoted,OPR_FeP,-0.9982541699071165,ORP x FeP,0.9963426027267128,0.9963426027267128,0.7885251497697621
30,YT2,mean.YT2,1,Promoted,OPR_FeP,0.173594518053839,ORP x FeP,0.3949870878376207,0.3949870878376207,-0.1371230368718114
31,JC,mean.JC,1,Promoted,OPR_FeP,1.1865989993516066,ORP x FeP,-0.1248546269623993,-0.1248546269623993,-0.9372995193873671
32,XY,mean.XY,0,Suppressed_or_neutral,OPR_FeP,-0.6863453131411137,ORP x FeP,0.8362808873482873,0.8362808873482873,0.5421470374511207
33,WH,mean.WH,1,Promoted,OPR_FeP,0.27074227365162407,ORP x FeP,0.3451339462264128,0.3451339462264128,-0.2138604558997403
34,TH1,mean.TH1,1,Promoted,OPR_FeP,1.3920349946352246,ORP x FeP,-0.2302778526652807,-0.2302778526652807,-1.0995742724837532
35,YC1,mean.YC1,1,Promoted,OPR_FeP,-1.7286237871091745,ORP x FeP,1.371145085098504,1.371145085098504,1.365447169384389
36,XC,mean.XC,1,Promoted,OPR_FeP,0.008697088705104073,ORP x FeP,0.4796072094869783,0.4796072094869783,-0.006869866793936023
37,LS2,mean.LS2,1,Promoted,OPR_FeP,1.10890134061782,ORP x FeP,-0.0849826570967045,-0.0849826570967045,-0.8759258133346095
38,NJ,mean.NJ,1,Promoted,OPR_FeP,0.3321441335001225,ORP x FeP,0.3136244626013631,0.3136244626013631,-0.26236204216176834
39,BS,mean.BS,1,Promoted,OPR_FeP,-0.18864938103555295,ORP x FeP,0.5808791477002091,0.5808791477002091,0.14901493619493056
40,WL,mean.WL,0,Suppressed_or_neutral,OPR_FeP,0.3090146255489346,ORP x FeP,0.3254937912152135,0.3254937912152135,-0.24409194695845116
41,SN,mean.SN,1,Promoted,OPR_FeP,-0.08716063893992625,ORP x FeP,0.528798349739376,0.528798349739376,0.06884855375112375
0,YY,mean.YY,1,Promoted,FeII,0.6119312669527854,Fe(II),5.588016272,5.588016272,-0.5093696595075516
1,BB,mean.BB,1,Promoted,FeII,1.114538235933178,Fe(II),1.670276144,1.670276144,-0.9277381176687494
2,SQ,mean.SQ,1,Promoted,FeII,-1.0782493007782805,Fe(II),18.762700752,18.762700752,0.8975313223275206
3,CY,mean.CY,1,Promoted,FeII,0.7176183978771553,Fe(II),4.76420216,4.76420216,-0.5973432944573571
4,WZ,mean.WZ,1,Promoted,FeII,1.136913618960846,Fe(II),1.495863648,1.495863648,-0.9463633160360583
5,SH2,mean.SH2,0,Suppressed_or_neutral,FeII,-2.759321556074377,Fe(II),31.866387408,31.866387408,2.2968505735757705
6,WF,mean.WF,1,Promoted,FeII,0.6174155956228162,Fe(II),5.545266816,5.545266816,-0.5139347974211478
7,LS1,mean.LS1,1,Promoted,FeII,-0.22409337476556512,Fe(II),12.104693296,12.104693296,0.1865346194363383
8,DL,mean.DL,1,Promoted,FeII,1.0707603126181757,Fe(II),2.011517984,2.011517984,-0.891297512167493
9,ZY,mean.ZY,1,Promoted,FeII,0.4393853741418062,Fe(II),6.932983632,6.932983632,-0.365743001716038
10,BJ,mean.BJ,1,Promoted,FeII,1.2956620245418213,Fe(II),0.258445472,0.258445472,-1.0785049889085887
11,ZQ,mean.ZQ,1,Promoted,FeII,1.1709631148725146,Fe(II),1.230453328,1.230453328,-0.9747060092037023
12,RL,mean.RL,0,Suppressed_or_neutral,FeII,-1.8263653680946563,Fe(II),24.59414464,24.59414464,1.520260780782326
13,LZ,mean.LZ,1,Promoted,FeII,-2.1600504280290083,Fe(II),27.195165776,27.195165776,1.7980191738252365
14,HF,mean.HF,1,Promoted,FeII,0.24773535429612856,Fe(II),8.426864576,8.426864576,-0.2062141287438707
15,AY,mean.AY,1,Promoted,FeII,0.05803101993111778,Fe(II),9.905579216,9.905579216,-0.048304838238425914
16,MH,mean.MH,1,Promoted,FeII,-0.10054234674322465,Fe(II),11.141632992,11.141632992,0.08369113279945878
17,HZ,mean.HZ,1,Promoted,FeII,0.8187940428718277,Fe(II),3.975554352000001,3.975554352000001,-0.6815615827269276
18,HK,mean.HK,0,Suppressed_or_neutral,FeII,0.5327782772138114,Fe(II),6.205001040000001,6.205001040000001,-0.44348296011871846
19,GL,mean.GL,0,Suppressed_or_neutral,FeII,1.0600590424745084,Fe(II),2.094932656,2.094932656,-0.8823898086005192
20,YC2,mean.YC2,1,Promoted,FeII,-1.0792221435186138,Fe(II),18.770283904,18.770283904,0.8983411135608818
21,LY,mean.LY,1,Promoted,FeII,1.006820078952566,Fe(II),2.509921776,2.509921776,-0.8380738630258685
22,YT1,mean.YT1,0,Suppressed_or_neutral,FeII,-0.39531369706424146,Fe(II),13.439328048,13.439328048,0.32905787650791923
23,CQ,mean.CQ,1,Promoted,FeII,0.9861229942091707,Fe(II),2.671252208,2.671252208,-0.8208456748650637
24,SY,mean.SY,1,Promoted,FeII,1.323413700645813,Fe(II),0.04212564,0.04212564,-1.1016053967015196
25,TZ,mean.TZ,1,Promoted,FeII,0.8538163815238299,Fe(II),3.70256088,3.70256088,-0.710714067127933
26,SH1,mean.SH1,1,Promoted,FeII,1.0211453328611728,Fe(II),2.398258736,2.398258736,-0.8499981592660689
27,XN,mean.XN,0,Suppressed_or_neutral,FeII,-1.8993285736196603,Fe(II),25.16288104,25.16288104,1.5809951232844202
28,CF,mean.CF,0,Suppressed_or_neutral,FeII,0.8129569864298275,Fe(II),4.021053264,4.021053264,-0.6767028353267602
29,ATS,mean.ATS,1,Promoted,FeII,-1.6376338764699787,Fe(II),23.123013152,23.123013152,1.3631612815102423
30,YT2,mean.YT2,1,Promoted,FeII,1.1456692036238465,Fe(II),1.42761528,1.42761528,-0.9536514371363096
31,JC,mean.JC,1,Promoted,FeII,-0.03925325410222113,Fe(II),10.663894416,10.663894416,0.03267428509769966
32,XY,mean.XY,0,Suppressed_or_neutral,FeII,-1.7923158721829877,Fe(II),24.32873432,24.32873432,1.491918087614682
33,WH,mean.WH,1,Promoted,FeII,-2.443147665466025,Fe(II),29.401863008,29.401863008,2.033668422733362
34,TH1,mean.TH1,1,Promoted,FeII,0.3897703943848034,Fe(II),7.319724384,7.319724384,-0.324443648814614
35,YC1,mean.YC1,1,Promoted,FeII,0.9356668124644084,Fe(II),3.0645499936,3.0645499936,-0.7788461080781557
36,XC,mean.XC,1,Promoted,FeII,0.19520184631812565,Fe(II),8.836354784,8.836354784,-0.16248540214236298
37,LS2,mean.LS2,1,Promoted,FeII,-0.3554271447105725,Fe(II),13.128418816,13.128418816,0.29585643594010774
38,NJ,mean.NJ,1,Promoted,FeII,0.41117293467213795,Fe(II),7.15289504,7.15289504,-0.34225905594856165
39,BS,mean.BS,1,Promoted,FeII,-0.4206076083129096,Fe(II),13.63649,13.63649,0.3501124485753119
40,WL,mean.WL,0,Suppressed_or_neutral,FeII,-2.6240964151680357,Fe(II),30.81232928,30.81232928,2.1842895921385557
41,SN,mean.SN,1,Promoted,FeII,0.8606262807061634,Fe(II),3.649478816,3.649478816,-0.7163826057614616
0,YY,mean.YY,1,Promoted,NH4_NO3_Ratio,-0.10944996762675482,NH$_4^+$/NO$_3^-$,1.448768818426598,1.448768818426598,-0.4016042947058851
1,BB,mean.BB,1,Promoted,NH4_NO3_Ratio,-0.24315450962091453,NH$_4^+$/NO$_3^-$,0.0767879072569096,0.0767879072569096,-0.892205794650157
2,SQ,mean.SQ,1,Promoted,NH4_NO3_Ratio,0.9570445535678849,NH$_4^+$/NO$_3^-$,12.39237703938005,12.39237703938005,3.511679457489257
3,CY,mean.CY,1,Promoted,NH4_NO3_Ratio,-0.09777979418130833,NH$_4^+$/NO$_3^-$,1.568519837789062,1.568519837789062,-0.3587829775572429
4,WZ,mean.WZ,1,Promoted,NH4_NO3_Ratio,-0.08681868761650989,NH$_4^+$/NO$_3^-$,1.680994917153659,1.680994917153659,-0.31856343645912516
5,SH2,mean.SH2,0,Suppressed_or_neutral,NH4_NO3_Ratio,0.012923526419682077,NH$_4^+$/NO$_3^-$,2.704478574884854,2.704478574884854,0.047420239817600275
6,WF,mean.WF,1,Promoted,NH4_NO3_Ratio,1.0386875740706394,NH$_4^+$/NO$_3^-$,13.23013964631458,13.23013964631458,3.811251840904488
7,LS1,mean.LS1,1,Promoted,NH4_NO3_Ratio,0.2551233359010979,NH$_4^+$/NO$_3^-$,5.189760752598402,5.189760752598402,0.9361229573587124
8,DL,mean.DL,1,Promoted,NH4_NO3_Ratio,0.12752621588245863,NH$_4^+$/NO$_3^-$,3.880449861772812,3.880449861772812,0.4679313945586388
9,ZY,mean.ZY,1,Promoted,NH4_NO3_Ratio,0.2968538234319851,NH$_4^+$/NO$_3^-$,5.617969334388262,5.617969334388262,1.0892444554821887
10,BJ,mean.BJ,1,Promoted,NH4_NO3_Ratio,-0.001764685823258703,NH$_4^+$/NO$_3^-$,2.553758587994626,2.553758587994626,-0.006475154089072919
11,ZQ,mean.ZQ,1,Promoted,NH4_NO3_Ratio,-0.14410653564112297,NH$_4^+$/NO$_3^-$,1.093147767314931,1.093147767314931,-0.5287694904216176
12,RL,mean.RL,0,Suppressed_or_neutral,NH4_NO3_Ratio,-0.10579029359339231,NH$_4^+$/NO$_3^-$,1.486321790374971,1.486321790374971,-0.388175868541027
13,LZ,mean.LZ,1,Promoted,NH4_NO3_Ratio,-0.2477629760421363,NH$_4^+$/NO$_3^-$,0.0294991026629796,0.0294991026629796,-0.9091156206364198
14,HF,mean.HF,1,Promoted,NH4_NO3_Ratio,-0.21027240356905233,NH$_4^+$/NO$_3^-$,0.414200691814242,0.414200691814242,-0.7715516245691222
15,AY,mean.AY,1,Promoted,NH4_NO3_Ratio,-0.14536523791612155,NH$_4^+$/NO$_3^-$,1.080231859834246,1.080231859834246,-0.5333880412568207
16,MH,mean.MH,1,Promoted,NH4_NO3_Ratio,-0.19063753747498036,NH$_4^+$/NO$_3^-$,0.6156797221647323,0.6156797221647323,-0.6995054949965201
17,HZ,mean.HZ,1,Promoted,NH4_NO3_Ratio,-0.1201788507530054,NH$_4^+$/NO$_3^-$,1.338676650816994,1.338676650816994,-0.44097173934135037
18,HK,mean.HK,0,Suppressed_or_neutral,NH4_NO3_Ratio,-0.18486518652268935,NH$_4^+$/NO$_3^-$,0.6749114819912709,0.6749114819912709,-0.6783250325143824
19,GL,mean.GL,0,Suppressed_or_neutral,NH4_NO3_Ratio,0.0016760197007591445,NH$_4^+$/NO$_3^-$,2.58906466084378,2.58906466084378,0.006149811867756217
20,YC2,mean.YC2,1,Promoted,NH4_NO3_Ratio,0.19072788733205998,NH$_4^+$/NO$_3^-$,4.5289804613291,4.5289804613291,0.6998370153378781
21,LY,mean.LY,1,Promoted,NH4_NO3_Ratio,0.03256091403222578,NH$_4^+$/NO$_3^-$,2.905983479264444,2.905983479264444,0.11947562158706798
22,YT1,mean.YT1,0,Suppressed_or_neutral,NH4_NO3_Ratio,0.16008334820545506,NH$_4^+$/NO$_3^-$,4.214527997065537,4.214527997065537,0.5873931399363229
23,CQ,mean.CQ,1,Promoted,NH4_NO3_Ratio,-0.2018861370438712,NH$_4^+$/NO$_3^-$,0.5002545940745888,0.5002545940745888,-0.7407799329360435
24,SY,mean.SY,1,Promoted,NH4_NO3_Ratio,-0.23020228515999605,NH$_4^+$/NO$_3^-$,0.2096944222677571,0.2096944222677571,-0.8446802532334783
25,TZ,mean.TZ,1,Promoted,NH4_NO3_Ratio,-0.24049403246983822,NH$_4^+$/NO$_3^-$,0.1040878314886475,0.1040878314886475,-0.8824437173009634
26,SH1,mean.SH1,1,Promoted,NH4_NO3_Ratio,-0.13725059704187442,NH$_4^+$/NO$_3^-$,1.163498532861335,1.163498532861335,-0.5036130244545596
27,XN,mean.XN,0,Suppressed_or_neutral,NH4_NO3_Ratio,0.09877273435086723,NH$_4^+$/NO$_3^-$,3.585402085514495,3.585402085514495,0.3624263686438509
28,CF,mean.CF,0,Suppressed_or_neutral,NH4_NO3_Ratio,-0.21084193081118555,NH$_4^+$/NO$_3^-$,0.4083566083377658,0.4083566083377658,-0.7736413884251764
29,ATS,mean.ATS,1,Promoted,NH4_NO3_Ratio,0.0018364844249999202,NH$_4^+$/NO$_3^-$,2.590711235711701,2.590711235711701,0.006738604389135987
30,YT2,mean.YT2,1,Promoted,NH4_NO3_Ratio,-0.20627618548182713,NH$_4^+$/NO$_3^-$,0.4552070394728242,0.4552070394728242,-0.7568883187572467
31,JC,mean.JC,1,Promoted,NH4_NO3_Ratio,-0.013077108998457798,NH$_4^+$/NO$_3^-$,2.437678547451765,2.437678547451765,-0.04798377971227307
32,XY,mean.XY,0,Suppressed_or_neutral,NH4_NO3_Ratio,0.014842329130024834,NH$_4^+$/NO$_3^-$,2.724167963529601,2.724167963529601,0.054460894336520134
33,WH,mean.WH,1,Promoted,NH4_NO3_Ratio,0.3979978273885412,NH$_4^+$/NO$_3^-$,6.655837163244277,6.655837163244277,1.4603717134748402
34,TH1,mean.TH1,1,Promoted,NH4_NO3_Ratio,-0.10820234387236687,NH$_4^+$/NO$_3^-$,1.461571046008492,1.461571046008492,-0.3970263942386327
35,YC1,mean.YC1,1,Promoted,NH4_NO3_Ratio,-0.02661247895333384,NH$_4^+$/NO$_3^-$,2.298788208150346,2.298788208150346,-0.09764905437775809
36,XC,mean.XC,1,Promoted,NH4_NO3_Ratio,0.012713113003695613,NH$_4^+$/NO$_3^-$,2.702319462068776,2.702319462068776,0.04664817077677542
37,LS2,mean.LS2,1,Promoted,NH4_NO3_Ratio,-0.16421652719429078,NH$_4^+$/NO$_3^-$,0.8867933374412241,0.8867933374412241,-0.6025589957944547
38,NJ,mean.NJ,1,Promoted,NH4_NO3_Ratio,-0.21169033214797905,NH$_4^+$/NO$_3^-$,0.3996509172540452,0.3996509172540452,-0.776754423795387
39,BS,mean.BS,1,Promoted,NH4_NO3_Ratio,-0.1292070931072037,NH$_4^+$/NO$_3^-$,1.246035249211394,1.246035249211394,-0.4740990301182304
40,WL,mean.WL,0,Suppressed_or_neutral,NH4_NO3_Ratio,0.18144144991535127,NH$_4^+$/NO$_3^-$,4.433689645635996,4.433689645635996,0.6657623305304248
41,SN,mean.SN,1,Promoted,NH4_NO3_Ratio,-0.012907418094256023,NH$_4^+$/NO$_3^-$,2.439419794816227,2.439419794816227,-0.04736113360850849
0,YY,mean.YY,1,Promoted,log_nosZ_norB_Ratio,-1.1008039232636244,log$_{10}$(nosZ/norB),0.488045710232009,0.488045710232009,1.8861624003647415
1,BB,mean.BB,1,Promoted,log_nosZ_norB_Ratio,0.11530655926712938,log$_{10}$(nosZ/norB),0.0513494819101888,0.0513494819101888,-0.19757096791614856
2,SQ,mean.SQ,1,Promoted,log_nosZ_norB_Ratio,-0.3515834371532093,log$_{10}$(nosZ/norB),0.2190062066953022,0.2190062066953022,0.6024174203370564
3,CY,mean.CY,1,Promoted,log_nosZ_norB_Ratio,0.2232705263958079,log$_{10}$(nosZ/norB),0.0125804243968945,0.0125804243968945,-0.38256083858139006
4,WZ,mean.WZ,1,Promoted,log_nosZ_norB_Ratio,-0.17376657257059516,log$_{10}$(nosZ/norB),0.1551534933023184,0.1551534933023184,0.2977387422922698
5,SH2,mean.SH2,0,Suppressed_or_neutral,log_nosZ_norB_Ratio,-0.39038393152774176,log$_{10}$(nosZ/norB),0.2329391756103628,0.2329391756103628,0.6688997720603618
6,WF,mean.WF,1,Promoted,log_nosZ_norB_Ratio,1.1342496820461778,log$_{10}$(nosZ/norB),-0.3145454141407669,-0.3145454141407669,-1.9434697294304766
7,LS1,mean.LS1,1,Promoted,log_nosZ_norB_Ratio,0.16167638562035486,log$_{10}$(nosZ/norB),0.0346984221855398,0.0346984221855398,-0.277022922192978
8,DL,mean.DL,1,Promoted,log_nosZ_norB_Ratio,-0.20249827261566242,log$_{10}$(nosZ/norB),0.1654708330697087,0.1654708330697087,0.34696881058898826
9,ZY,mean.ZY,1,Promoted,log_nosZ_norB_Ratio,-0.31268473522149826,log$_{10}$(nosZ/norB),0.205037972176969,0.205037972176969,0.5357667957743585
10,BJ,mean.BJ,1,Promoted,log_nosZ_norB_Ratio,-0.02025662631338226,log$_{10}$(nosZ/norB),0.1000292134746302,0.1000292134746302,0.03470853083196246
11,ZQ,mean.ZQ,1,Promoted,log_nosZ_norB_Ratio,-0.6589661714107942,log$_{10}$(nosZ/norB),0.3293850601216734,0.3293850601216734,1.1290995511193223
12,RL,mean.RL,0,Suppressed_or_neutral,log_nosZ_norB_Ratio,-0.010226651061480576,log$_{10}$(nosZ/norB),0.0964275239689599,0.0964275239689599,0.017522761598293725
13,LZ,mean.LZ,1,Promoted,log_nosZ_norB_Ratio,-0.39493636335677157,log$_{10}$(nosZ/norB),0.2345739200172134,0.2345739200172134,0.6767000946833793
14,HF,mean.HF,1,Promoted,log_nosZ_norB_Ratio,-0.5394970498289616,log$_{10}$(nosZ/norB),0.2864845872245591,0.2864845872245591,0.9243962789287747
15,AY,mean.AY,1,Promoted,log_nosZ_norB_Ratio,-0.026420126831523175,log$_{10}$(nosZ/norB),0.1022424806639159,0.1022424806639159,0.045269324345015655
16,MH,mean.MH,1,Promoted,log_nosZ_norB_Ratio,0.9979300968642788,log$_{10}$(nosZ/norB),-0.2655940651058943,-0.2655940651058943,-1.7098941847130182
17,HZ,mean.HZ,1,Promoted,log_nosZ_norB_Ratio,0.8092704605102464,log$_{10}$(nosZ/norB),-0.1978477930230133,-0.1978477930230133,-1.3866370586823704
18,HK,mean.HK,0,Suppressed_or_neutral,log_nosZ_norB_Ratio,-0.5878050808837002,log$_{10}$(nosZ/norB),0.3038316418403178,0.3038316418403178,1.007169232299944
19,GL,mean.GL,0,Suppressed_or_neutral,log_nosZ_norB_Ratio,-0.765740559324758,log$_{10}$(nosZ/norB),0.3677269485875676,0.3677269485875676,1.31205114817413
20,YC2,mean.YC2,1,Promoted,log_nosZ_norB_Ratio,0.40145711724097877,log$_{10}$(nosZ/norB),-0.0514050549467898,-0.0514050549467898,-0.6878730207045362
21,LY,mean.LY,1,Promoted,log_nosZ_norB_Ratio,0.18658579623165783,log$_{10}$(nosZ/norB),0.0257536381219747,0.0257536381219747,-0.31970372366667926
22,YT1,mean.YT1,0,Suppressed_or_neutral,log_nosZ_norB_Ratio,-0.7092789218387802,log$_{10}$(nosZ/norB),0.3474519945523968,0.3474519945523968,1.2153074725399253
23,CQ,mean.CQ,1,Promoted,log_nosZ_norB_Ratio,-0.1722804447177874,log$_{10}$(nosZ/norB),0.1546198358448359,0.1546198358448359,0.2951923501339004
24,SY,mean.SY,1,Promoted,log_nosZ_norB_Ratio,0.28792997914115026,log$_{10}$(nosZ/norB),-0.0106383041190238,-0.0106383041190238,-0.4933509856902849
25,TZ,mean.TZ,1,Promoted,log_nosZ_norB_Ratio,0.79836592772382,log$_{10}$(nosZ/norB),-0.1939320564120318,-0.1939320564120318,-1.367952786850995
26,SH1,mean.SH1,1,Promoted,log_nosZ_norB_Ratio,0.5891282980933505,log$_{10}$(nosZ/norB),-0.1187963800115834,-0.1187963800115834,-1.0094364867088477
27,XN,mean.XN,0,Suppressed_or_neutral,log_nosZ_norB_Ratio,-0.1719235686920285,log$_{10}$(nosZ/norB),0.1544916843185839,0.1544916843185839,0.29458086417609025
28,CF,mean.CF,0,Suppressed_or_neutral,log_nosZ_norB_Ratio,0.2885207046385041,log$_{10}$(nosZ/norB),-0.0108504292510522,-0.0108504292510522,-0.49436315888343835
29,ATS,mean.ATS,1,Promoted,log_nosZ_norB_Ratio,0.11934179468886671,log$_{10}$(nosZ/norB),0.0499004588860667,0.0499004588860667,-0.2044851050919462
30,YT2,mean.YT2,1,Promoted,log_nosZ_norB_Ratio,-0.21817429792949408,log$_{10}$(nosZ/norB),0.1710999771548593,0.1710999771548593,0.3738287525906977
31,JC,mean.JC,1,Promoted,log_nosZ_norB_Ratio,-0.03900678784961614,log$_{10}$(nosZ/norB),0.1067622570104926,0.1067622570104926,0.06683582338880412
32,XY,mean.XY,0,Suppressed_or_neutral,log_nosZ_norB_Ratio,-0.785960358785527,log$_{10}$(nosZ/norB),0.374987728170329,0.374987728170329,1.3466965783727687
33,WH,mean.WH,1,Promoted,log_nosZ_norB_Ratio,0.2703023022512218,log$_{10}$(nosZ/norB),-0.0043083364701241,-0.0043083364701241,-0.4631470041701363
34,TH1,mean.TH1,1,Promoted,log_nosZ_norB_Ratio,1.9498306791548699,log$_{10}$(nosZ/norB),-0.607414483558815,-0.607414483558815,-3.340919519251037
35,YC1,mean.YC1,1,Promoted,log_nosZ_norB_Ratio,-0.33677178143344494,log$_{10}$(nosZ/norB),0.2136874513018268,0.2136874513018268,0.5770385244997852
36,XC,mean.XC,1,Promoted,log_nosZ_norB_Ratio,0.6485396505049584,log$_{10}$(nosZ/norB),-0.1401305547352944,-0.1401305547352944,-1.1112343243667695
37,LS2,mean.LS2,1,Promoted,log_nosZ_norB_Ratio,-0.4391019941795156,log$_{10}$(nosZ/norB),0.2504334695226248,0.2504334695226248,0.752375290316108
38,NJ,mean.NJ,1,Promoted,log_nosZ_norB_Ratio,-0.42871741283213805,log$_{10}$(nosZ/norB),0.2467044436057824,0.2467044436057824,0.7345819245158828
39,BS,mean.BS,1,Promoted,log_nosZ_norB_Ratio,-0.283114995881864,log$_{10}$(nosZ/norB),0.1944196987325979,0.1944196987325979,0.48510079672372874
40,WL,mean.WL,0,Suppressed_or_neutral,log_nosZ_norB_Ratio,-0.3449263646057595,log$_{10}$(nosZ/norB),0.2166157014616936,0.2166157014616936,0.5910109203508702
41,SN,mean.SN,1,Promoted,log_nosZ_norB_Ratio,0.48312046973628453,log$_{10}$(nosZ/norB),-0.0807297573805701,-0.0807297573805701,-0.8277983441061045
